iter,loss,elapsed,q_bad_pre,qd_bad_pre,q_max_abs,q_max_norm,q_min,q_max,qd_max_abs,qd_max_norm,qd_min,qd_max,q_bad,qd_bad,spring_ke_bad,spring_ke_gbad,spring_kd_bad,spring_kd_gbad,spring_ke_min,spring_ke_max,spring_ke_mean,spring_ke_gmin,spring_ke_gmax,spring_ke_gmean,spring_kd_min,spring_kd_max,spring_kd_mean,spring_kd_gmin,spring_kd_gmax,spring_kd_gmean
1,0.001432,2.1617,0,0,0.3157272934913635,0.4220302402973175,-0.18724951148033142,0.3157272934913635,21.6713924407959,27.438684463500977,-21.6713924407959,16.149124145507812,0,0,0,0,0,0,10000.001953125,38372.765625,21022.677734375,0.0,0.0,0.0,29.56531524658203,70.19999694824219,63.557437896728516,0.0,0.0,0.0
2,0.001527,1.5722,0,0,0.3157272934913635,0.4220302402973175,-0.18724951148033142,0.3157272934913635,19.467449188232422,27.451316833496094,-19.467449188232422,15.455483436584473,0,0,0,0,0,0,10000.001953125,50000.0,28342.986328125,0.0,0.0,0.0,16.689773559570312,70.19999694824219,62.77643585205078,0.0,0.0,0.0
3,0.001462,1.5654,0,0,0.3157272934913635,0.4220302402973175,-0.18724951148033142,0.3157272934913635,19.11136245727539,22.511043548583984,-10.491233825683594,19.11136245727539,0,0,0,0,0,0,10000.001953125,50000.0,31173.4453125,0.0,0.0,0.0,10.300000190734863,70.19999694824219,62.47346878051758,0.0,0.0,0.0
4,0.001494,1.5944,0,0,0.3157272934913635,0.4220302402973175,-0.18724951148033142,0.3157272934913635,10.710089683532715,11.983004570007324,-10.710089683532715,8.34485149383545,0,0,0,0,0,0,10000.001953125,50000.0,32798.15234375,0.0,0.0,0.0,10.300000190734863,70.19999694824219,62.17526626586914,0.0,0.0,0.0
