{"intrinsics": [[[426.5301208496094, 0.0, 424.4333190917969], [0.0, 426.14520263671875, 246.92410278320312], [0.0, 0.0, 1.0]], [[425.99127197265625, 0.0, 423.0926818847656], [0.0, 425.4629821777344, 248.86141967773438], [0.0, 0.0, 1.0]], [[427.0147399902344, 0.0, 424.8780212402344], [0.0, 426.45269775390625, 241.48138427734375], [0.0, 0.0, 1.0]]], "serial_numbers": ["239222300433", "239222300781", "239222303506"], "fps": 30, "WH": [848, 480], "frame_num": 116, "start_step": 839, "end_step": 954}